﻿destination_code,type,establishment_type,gender_classification,postal_number,phone_number,website,
E001,고등학교,공립,공학,07597,02-2664-6874,http://www.konghang.hs.kr,
E002,고등학교,사립,여자,07598,02-3661-1741,http://www.kb.hs.kr,
E003,고등학교,사립,남자,07599,070-4020-6400,https://daeil.sen.hs.kr/index.do,
E004,고등학교,사립,여자,07600,02-2660-7800,http://deokwon.sen.hs.kr,
E005,고등학교,사립,공학,07601,02-2660-7911,http://www.dwarts.hs.kr,
E006,고등학교,사립,남자,07602,02-3663-2583,http://www.mapo.hs.kr,
E007,고등학교,사립,남자,07603,02-2664-8817,http://myungduk.sen.hs.kr,
E008,고등학교,사립,여자,07604,02-2664-8815,mdgh.sen.hs.kr,
E009,고등학교,사립,공학,07605,02-2665-8821,http://www.mdfh.or.kr,
E010,고등학교,사립,남자,07606,02-2653-8134,http://youngil.hs.kr,
E011,고등학교,사립,공학,07607,070-7458-1003,www.hankwang.hs.kr,
E012,고등학교,사립,공학,07608,02-2662-0021,http://hanseo.hs.kr,
E013,고등학교,사립,남자,07609,070-8277-2900,http://hwagok.sen.hs.kr,
E014,고등학교,공립,공학,07610,02-2666-2106,https://gangseo-th.sen.hs.kr/,
E015,고등학교,사립,남자,07611,02-2659-2981,https://younggong.sen.hs.kr,
E016,특수학교,사립,공학,07612,02-2607-2456,http://kyonam.sc.kr,
E017,고등학교,공립,공학,07613,02-3665-6045,http://www.dch.hs.kr,
E018,고등학교,공립,공학,07614,02-3663-1495,http://sehyun.hs.kr,
E019,고등학교,사립,여자,07615,02-3661-3425,http://kbb.sen.hs.kr,
E020,고등학교,공립,공학,07616,02-2660-5500,http://www.sumyeong.hs.kr,
E021,고등학교,사립,남자,07617,02-2657-0800,http://www.dongyang.hs.kr,
E022,고등학교,사립,여자,07618,070-8644-6300,http://www.hwagok-gii.hs.kr,
E023,평생학교,사립,공학,07619,02-2696-5555,www.sjschool.hs.kr,
E024,고등학교,사립,공학,07620,02-2665-5900,http://sab.sen.hs.kr,
E025,특수학교,공립,공학,07621,02-6981-9000,http://seojin.sen.sc.kr,
E026,고등학교,사립,여자,07622,02-2644-3543,http://shinjeong.sen.hs.kr,
E027,초등학교,공립,공학,07623,02-2661-5995,http://gagok.sen.es.kr,
E028,초등학교,공립,공학,07624,02-2668-2101,http://www.kayang.es.kr,
E029,초등학교,공립,공학,07625,02-2662-0492,http://www.gaehwa.es.kr,
E030,초등학교,공립,공학,07626,02-2223-2300,http://kongjin.sen.es.kr,
E031,초등학교,공립,공학,07627,02-2664-1176,http://konghang.sen.es.kr,
E032,초등학교,공립,공학,07628,02-3662-7565,http://nbs.sen.es.kr,
E033,초등학교,공립,공학,07629,02-2642-0232,http://www.dma.es.kr,
E034,초등학교,공립,공학,07630,02-2658-3693,http://www.dungmyong.es.kr,
E035,초등학교,공립,공학,07631,02-2695-4555,http://deungseo.sen.es.kr,
E036,초등학교,공립,공학,07632,02-2658-0072,http://www.dungyang.es.kr,
E037,초등학교,공립,공학,07633,02-2658-2233,http://www.deungwon.es.kr,
E038,초등학교,공립,공학,07634,02-2653-9374,http://deungchon.sen.es.kr,
E039,초등학교,공립,공학,07635,02-2658-7851,http://deunghyun.sen.es.kr,
E040,초등학교,공립,공학,07636,02-2664-7502,http://balsan.sen.es.kr,
E041,초등학교,공립,공학,07637,02-2663-2421,http://www.banghwa.es.kr,
E042,초등학교,공립,공학,07638,02-3661-3237,http://bsbs.sen.es.kr,
E043,초등학교,공립,공학,07639,02-2661-2273,https://esamjeong.sen.es.kr,
E044,초등학교,공립,공학,07640,02-2662-0016,http://sjes.sen.es.kr,
E045,초등학교,공립,공학,07641,02-2665-7093,http://www.songhwa.es.kr,
E046,초등학교,공립,공학,07642,070-4626-6600,http://sumyeong.es.kr/,
E047,초등학교,공립,공학,07643,02-2643-2248,http://sg.sen.es.kr,
E048,초등학교,공립,공학,07644,02-2699-4785,http://ssinwol.sen.es.kr,
E049,초등학교,공립,공학,07645,02-2602-3940,http://sinjeong.es.kr,
E050,초등학교,공립,공학,07646,02-3663-0006,http://yangcheun.sen.es.kr,
E051,초등학교,공립,공학,07647,02-3662-0773,http://yeomkyoung.sen.es.kr,
E052,초등학교,공립,공학,07648,02-3664-1671,http://yeomdong.sen.es.kr,
E053,초등학교,공립,공학,07649,02-3664-0492,http://www.yeomchang.es.kr,
E054,초등학교,공립,공학,07650,02-2603-9989,http://ujang.sen.es.kr,
E055,초등학교,공립,공학,07651,02-2694-2006,http://woljung.sen.es.kr,
E056,초등학교,공립,공학,07652,02-2666-6442,http://jk.sen.es.kr,
E057,초등학교,공립,공학,07653,02-2661-6272,http://chihyeon.sen.es.kr,
E058,초등학교,공립,공학,07654,02-2659-5101,http://top.sen.es.kr,
E059,초등학교,공립,공학,07655,02-2699-3328,http://hwagok.sen.es.kr,
E060,초등학교,공립,공학,07656,02-2603-6502,http://hwail.sen.es.kr,
E061,초등학교,사립,공학,07657,02-3661-6718,http://yooseok.sen.es.kr,
E062,중학교,공립,공학,07658,02-2668-0304,http://gyeongseo.sen.ms.kr,
E063,중학교,공립,공학,07659,02-2662-0471,http://gonghang.ms.kr,
E064,중학교,공립,공학,07660,02-2658-2727,http://www.deungmyoung.ms.kr,
E065,중학교,공립,공학,07661,02-2658-2707,http://www.deungwon.ms.kr,
E066,중학교,공립,공학,07662,02-2666-6014,http://bangwon.sen.ms.kr,
E067,중학교,공립,공학,07663,02-2662-4452,http://banghwa.sen.ms.kr,
E068,중학교,공립,공학,07664,02-2644-2886,baekseok.sen.ms.kr,
E069,중학교,공립,공학,07665,02-2666-6033,http://samjeong.sen.ms.kr,
E070,중학교,공립,공학,07666,02-2658-9853,http://sungjae.sen.ms.kr,
E071,중학교,공립,공학,07667,02-2661-0478,http://songjeong.sen.ms.kr,
E072,중학교,공립,공학,07668,02-6738-1200,http://sumyeong.ms.kr,
E073,중학교,공립,공학,07669,02-3661-6252,http://yeomgyeong.sen.ms.kr,
E074,중학교,공립,공학,07670,02-3664-2885,http://yumchang.sen.ms.kr,
E075,중학교,공립,공학,07671,02-811-2000,http://www.shwawon.ms.kr,
E076,중학교,공립,공학,07672,02-2666-8502,http://www.magok.ms.kr,
E077,중학교,사립,공학,07673,02-2660-7955,http://deokwon.sen.ms.kr,
E078,중학교,사립,공학,07674,02-2653-0392,http://deungchon.sen.ms.kr,
E079,중학교,사립,남자,07675,02-3663-2591,http://mapo.sen.ms.kr,
E080,중학교,사립,여자,07676,02-2664-8813,http://myungduk.sen.ms.kr,
E081,중학교,사립,여자,07677,02-2644-3549,http://www.shinjeong.ms.kr,
E082,중학교,사립,남자,07678,070-8644-6400,http://www.hwagok.ms.kr,
E083,중학교,공립,공학,07679,02-6985-5900,http://magokhanui.sen.ms.kr,
,,,,,,,
,,,,,,,
,,,,,,,
,,,,,,,
,,,,,,,
,,,,,,,
,,,,,,,
,,,,,,,
,,,,,,,
,,,,,,,
,,,,,,,
,,,,,,,
,,,,,,,
,,,,,,,
,,,,,,,
,,,,,,,
,,,,,,,
,,,,,,,
,,,,,,,
,,,,,,,
,,,,,,,
,,,,,,,
,,,,,,,
,,,,,,,
,,,,,,,
,,,,,,,
,,,,,,,
,,,,,,,
,,,,,,,
,,,,,,,
,,,,,,,
,,,,,,,
,,,,,,,
,,,,,,,
,,,,,,,
,,,,,,,
,,,,,,,
,,,,,,,
,,,,,,,
,,,,,,,
,,,,,,,
,,,,,,,
,,,,,,,
,,,,,,,
,,,,,,,
,,,,,,,
,,,,,,,
,,,,,,,
,,,,,,,
,,,,,,,
,,,,,,,
,,,,,,,
,,,,,,,
,,,,,,,
,,,,,,,
,,,,,,,
,,,,,,,
,,,,,,,
,,,,,,,
,,,,,,,
,,,,,,,
,,,,,,,
,,,,,,,
,,,,,,,
,,,,,,,
,,,,,,,
,,,,,,,
,,,,,,,
,,,,,,,
,,,,,,,
,,,,,,,
,,,,,,,
,,,,,,,
,,,,,,,
,,,,,,,
,,,,,,,
,,,,,,,
,,,,,,,
,,,,,,,
,,,,,,,
,,,,,,,
,,,,,,,
,,,,,,,
,,,,,,,
,,,,,,,
,,,,,,,
,,,,,,,
,,,,,,,
,,,,,,,
,,,,,,,
,,,,,,,
,,,,,,,
,,,,,,,
,,,,,,,
,,,,,,,
,,,,,,,
,,,,,,,
,,,,,,,
,,,,,,,
,,,,,,,
,,,,,,,
,,,,,,,
,,,,,,,
,,,,,,,
,,,,,,,
,,,,,,,
,,,,,,,
,,,,,,,
,,,,,,,
,,,,,,,
,,,,,,,
,,,,,,,
,,,,,,,
,,,,,,,
,,,,,,,
,,,,,,,
,,,,,,,
,,,,,,,
,,,,,,,
,,,,,,,
,,,,,,,
,,,,,,,
,,,,,,,
,,,,,,,
,,,,,,,
,,,,,,,
,,,,,,,
,,,,,,,
,,,,,,,
,,,,,,,
,,,,,,,
,,,,,,,
,,,,,,,
,,,,,,,
,,,,,,,
,,,,,,,
,,,,,,,
,,,,,,,
,,,,,,,
,,,,,,,
,,,,,,,
,,,,,,,
,,,,,,,
,,,,,,,
,,,,,,,
,,,,,,,
,,,,,,,
,,,,,,,
,,,,,,,
,,,,,,,
,,,,,,,
,,,,,,,
,,,,,,,
,,,,,,,
,,,,,,,
,,,,,,,
,,,,,,,
,,,,,,,
,,,,,,,
,,,,,,,
,,,,,,,
,,,,,,,
,,,,,,,
,,,,,,,
,,,,,,,
,,,,,,,
,,,,,,,
,,,,,,,
,,,,,,,
,,,,,,,
,,,,,,,
,,,,,,,
,,,,,,,
,,,,,,,
,,,,,,,
,,,,,,,
,,,,,,,
,,,,,,,
,,,,,,,
,,,,,,,
,,,,,,,
,,,,,,,
,,,,,,,
,,,,,,,
,,,,,,,
,,,,,,,
,,,,,,,
,,,,,,,
,,,,,,,
,,,,,,,
,,,,,,,
,,,,,,,
,,,,,,,
,,,,,,,
,,,,,,,
,,,,,,,
,,,,,,,
,,,,,,,
,,,,,,,
,,,,,,,
,,,,,,,
,,,,,,,
,,,,,,,
,,,,,,,
,,,,,,,
,,,,,,,
,,,,,,,
,,,,,,,
,,,,,,,
,,,,,,,
,,,,,,,
,,,,,,,
,,,,,,,
,,,,,,,
,,,,,,,
,,,,,,,
,,,,,,,
,,,,,,,
,,,,,,,
,,,,,,,
,,,,,,,
,,,,,,,
,,,,,,,
,,,,,,,
,,,,,,,
,,,,,,,
,,,,,,,
,,,,,,,
,,,,,,,
,,,,,,,
,,,,,,,
,,,,,,,
,,,,,,,
,,,,,,,
,,,,,,,
,,,,,,,
,,,,,,,
,,,,,,,
,,,,,,,
,,,,,,,
,,,,,,,
,,,,,,,
,,,,,,,
,,,,,,,
,,,,,,,
,,,,,,,
,,,,,,,
,,,,,,,
,,,,,,,
,,,,,,,
,,,,,,,
,,,,,,,
,,,,,,,
,,,,,,,
,,,,,,,
,,,,,,,
,,,,,,,
,,,,,,,
,,,,,,,
,,,,,,,
,,,,,,,
,,,,,,,
,,,,,,,
,,,,,,,
,,,,,,,
,,,,,,,
,,,,,,,
,,,,,,,
,,,,,,,
,,,,,,,
,,,,,,,
,,,,,,,
,,,,,,,
,,,,,,,
,,,,,,,
,,,,,,,
,,,,,,,
,,,,,,,
,,,,,,,
,,,,,,,
,,,,,,,
,,,,,,,
,,,,,,,
,,,,,,,
,,,,,,,
,,,,,,,
,,,,,,,
,,,,,,,
,,,,,,,
,,,,,,,
,,,,,,,
,,,,,,,
,,,,,,,
,,,,,,,
,,,,,,,
,,,,,,,
,,,,,,,
,,,,,,,
,,,,,,,
,,,,,,,
,,,,,,,
,,,,,,,
,,,,,,,
,,,,,,,
,,,,,,,
,,,,,,,
,,,,,,,
,,,,,,,
,,,,,,,
,,,,,,,
,,,,,,,
,,,,,,,
,,,,,,,
,,,,,,,
,,,,,,,
,,,,,,,
,,,,,,,
,,,,,,,
,,,,,,,
,,,,,,,
,,,,,,,
,,,,,,,
,,,,,,,
,,,,,,,
,,,,,,,
,,,,,,,
,,,,,,,
,,,,,,,
,,,,,,,
,,,,,,,
,,,,,,,
,,,,,,,
,,,,,,,
,,,,,,,
,,,,,,,
,,,,,,,
,,,,,,,
,,,,,,,
,,,,,,,
,,,,,,,
,,,,,,,
,,,,,,,
,,,,,,,
,,,,,,,
,,,,,,,
,,,,,,,
,,,,,,,
,,,,,,,
,,,,,,,
,,,,,,,
,,,,,,,
,,,,,,,
,,,,,,,
,,,,,,,
,,,,,,,
,,,,,,,
,,,,,,,
,,,,,,,
,,,,,,,
,,,,,,,
,,,,,,,
,,,,,,,
,,,,,,,
,,,,,,,
,,,,,,,
,,,,,,,
,,,,,,,
,,,,,,,
,,,,,,,
,,,,,,,
,,,,,,,
,,,,,,,
,,,,,,,
,,,,,,,
,,,,,,,
,,,,,,,
,,,,,,,
,,,,,,,
,,,,,,,
,,,,,,,
,,,,,,,
,,,,,,,
,,,,,,,
,,,,,,,
,,,,,,,
,,,,,,,
,,,,,,,
,,,,,,,
,,,,,,,
,,,,,,,
,,,,,,,
,,,,,,,
,,,,,,,
,,,,,,,
,,,,,,,
,,,,,,,
,,,,,,,
,,,,,,,
,,,,,,,
,,,,,,,
,,,,,,,
,,,,,,,
,,,,,,,
,,,,,,,
,,,,,,,
,,,,,,,
,,,,,,,
,,,,,,,
,,,,,,,
,,,,,,,
,,,,,,,
,,,,,,,
,,,,,,,
,,,,,,,
,,,,,,,
,,,,,,,
,,,,,,,
,,,,,,,
,,,,,,,
,,,,,,,
,,,,,,,
,,,,,,,
,,,,,,,
,,,,,,,
,,,,,,,
,,,,,,,
,,,,,,,
,,,,,,,
,,,,,,,
,,,,,,,
,,,,,,,
,,,,,,,
,,,,,,,
,,,,,,,
,,,,,,,
,,,,,,,
,,,,,,,
,,,,,,,
,,,,,,,
,,,,,,,
,,,,,,,
,,,,,,,
,,,,,,,
,,,,,,,
,,,,,,,
,,,,,,,
,,,,,,,
,,,,,,,
,,,,,,,
,,,,,,,
,,,,,,,
,,,,,,,
,,,,,,,
,,,,,,,
,,,,,,,
,,,,,,,
,,,,,,,
,,,,,,,
,,,,,,,
,,,,,,,
,,,,,,,
,,,,,,,
,,,,,,,
,,,,,,,
,,,,,,,
,,,,,,,
,,,,,,,
,,,,,,,
,,,,,,,
,,,,,,,
,,,,,,,
,,,,,,,
,,,,,,,
,,,,,,,
,,,,,,,
,,,,,,,
,,,,,,,
,,,,,,,
,,,,,,,
,,,,,,,
,,,,,,,
,,,,,,,
,,,,,,,
,,,,,,,
,,,,,,,
,,,,,,,
,,,,,,,
,,,,,,,
,,,,,,,
,,,,,,,
,,,,,,,
,,,,,,,
,,,,,,,
,,,,,,,
,,,,,,,
,,,,,,,
,,,,,,,
,,,,,,,
,,,,,,,
,,,,,,,
,,,,,,,
,,,,,,,
,,,,,,,
,,,,,,,
,,,,,,,
,,,,,,,
,,,,,,,
,,,,,,,
,,,,,,,
,,,,,,,
,,,,,,,
,,,,,,,
,,,,,,,
,,,,,,,
,,,,,,,
,,,,,,,
,,,,,,,
,,,,,,,
,,,,,,,
,,,,,,,
,,,,,,,
,,,,,,,
,,,,,,,
,,,,,,,
,,,,,,,
,,,,,,,
,,,,,,,
,,,,,,,
,,,,,,,
,,,,,,,
,,,,,,,
,,,,,,,
,,,,,,,
,,,,,,,
,,,,,,,
,,,,,,,
,,,,,,,
,,,,,,,
,,,,,,,
,,,,,,,
,,,,,,,
,,,,,,,
,,,,,,,
,,,,,,,
,,,,,,,
,,,,,,,
,,,,,,,
,,,,,,,
,,,,,,,
,,,,,,,
,,,,,,,
,,,,,,,
,,,,,,,
,,,,,,,
,,,,,,,
,,,,,,,
,,,,,,,
,,,,,,,
,,,,,,,
,,,,,,,
,,,,,,,
,,,,,,,
,,,,,,,
,,,,,,,
,,,,,,,
,,,,,,,
,,,,,,,
,,,,,,,
,,,,,,,
,,,,,,,
,,,,,,,
,,,,,,,
,,,,,,,
,,,,,,,
,,,,,,,
,,,,,,,
,,,,,,,
,,,,,,,
,,,,,,,
,,,,,,,
,,,,,,,
,,,,,,,
,,,,,,,
,,,,,,,
,,,,,,,
,,,,,,,
,,,,,,,
,,,,,,,
,,,,,,,
,,,,,,,
,,,,,,,
,,,,,,,
,,,,,,,
,,,,,,,
,,,,,,,
,,,,,,,
,,,,,,,
,,,,,,,
,,,,,,,
,,,,,,,
,,,,,,,
,,,,,,,
,,,,,,,
,,,,,,,
,,,,,,,
,,,,,,,
,,,,,,,
,,,,,,,
,,,,,,,
,,,,,,,
,,,,,,,
,,,,,,,
,,,,,,,
,,,,,,,
,,,,,,,
,,,,,,,
,,,,,,,
,,,,,,,
,,,,,,,
,,,,,,,
,,,,,,,
,,,,,,,
,,,,,,,
,,,,,,,
,,,,,,,
,,,,,,,
,,,,,,,
,,,,,,,
,,,,,,,
,,,,,,,
,,,,,,,
,,,,,,,
,,,,,,,
,,,,,,,
,,,,,,,
,,,,,,,
,,,,,,,
,,,,,,,
,,,,,,,
,,,,,,,
,,,,,,,
,,,,,,,
,,,,,,,
,,,,,,,
,,,,,,,
,,,,,,,
,,,,,,,
,,,,,,,
,,,,,,,
,,,,,,,
,,,,,,,
,,,,,,,
,,,,,,,
,,,,,,,
,,,,,,,
,,,,,,,
,,,,,,,
,,,,,,,
,,,,,,,
,,,,,,,
,,,,,,,
,,,,,,,
,,,,,,,
,,,,,,,
,,,,,,,
,,,,,,,
,,,,,,,
,,,,,,,
,,,,,,,
,,,,,,,
,,,,,,,
,,,,,,,
,,,,,,,
,,,,,,,
,,,,,,,
,,,,,,,
,,,,,,,
,,,,,,,
,,,,,,,
,,,,,,,
,,,,,,,
,,,,,,,
,,,,,,,
,,,,,,,
,,,,,,,
,,,,,,,
,,,,,,,
,,,,,,,
,,,,,,,
,,,,,,,
,,,,,,,
,,,,,,,
,,,,,,,
,,,,,,,
,,,,,,,
,,,,,,,
,,,,,,,
,,,,,,,
,,,,,,,
,,,,,,,
,,,,,,,
,,,,,,,
,,,,,,,
,,,,,,,
,,,,,,,
,,,,,,,
,,,,,,,
,,,,,,,
,,,,,,,
,,,,,,,
,,,,,,,
,,,,,,,
,,,,,,,
,,,,,,,
,,,,,,,
,,,,,,,
,,,,,,,
,,,,,,,
,,,,,,,
,,,,,,,
,,,,,,,
,,,,,,,
,,,,,,,
,,,,,,,
,,,,,,,
,,,,,,,
,,,,,,,
,,,,,,,
,,,,,,,
,,,,,,,
,,,,,,,
,,,,,,,
,,,,,,,
,,,,,,,
,,,,,,,
,,,,,,,
,,,,,,,
,,,,,,,
,,,,,,,
,,,,,,,
,,,,,,,
,,,,,,,
,,,,,,,
,,,,,,,
,,,,,,,
,,,,,,,
,,,,,,,
,,,,,,,
,,,,,,,
,,,,,,,
,,,,,,,
,,,,,,,
,,,,,,,
,,,,,,,
,,,,,,,
,,,,,,,
,,,,,,,
,,,,,,,
,,,,,,,
,,,,,,,
,,,,,,,
,,,,,,,
,,,,,,,
,,,,,,,
,,,,,,,
,,,,,,,
,,,,,,,
,,,,,,,
,,,,,,,
,,,,,,,
,,,,,,,
,,,,,,,
,,,,,,,
,,,,,,,
,,,,,,,
,,,,,,,
,,,,,,,
,,,,,,,
,,,,,,,
,,,,,,,
,,,,,,,
,,,,,,,
,,,,,,,
,,,,,,,
,,,,,,,
,,,,,,,
,,,,,,,
,,,,,,,
,,,,,,,
,,,,,,,
,,,,,,,
,,,,,,,
,,,,,,,
,,,,,,,
,,,,,,,
,,,,,,,
,,,,,,,
,,,,,,,
,,,,,,,
,,,,,,,
,,,,,,,
,,,,,,,
,,,,,,,
,,,,,,,
,,,,,,,
,,,,,,,
,,,,,,,
,,,,,,,
,,,,,,,
,,,,,,,
,,,,,,,
,,,,,,,
,,,,,,,
,,,,,,,
,,,,,,,
,,,,,,,
,,,,,,,
,,,,,,,
,,,,,,,
,,,,,,,
,,,,,,,
,,,,,,,
,,,,,,,
,,,,,,,
,,,,,,,
,,,,,,,
,,,,,,,
,,,,,,,
,,,,,,,
,,,,,,,
,,,,,,,
,,,,,,,
,,,,,,,
,,,,,,,
,,,,,,,
,,,,,,,
,,,,,,,
,,,,,,,
,,,,,,,
,,,,,,,
,,,,,,,
,,,,,,,
,,,,,,,
,,,,,,,
,,,,,,,
,,,,,,,
,,,,,,,
,,,,,,,
,,,,,,,
,,,,,,,
,,,,,,,
,,,,,,,
,,,,,,,
,,,,,,,
,,,,,,,
,,,,,,,
,,,,,,,
,,,,,,,
,,,,,,,
,,,,,,,
,,,,,,,
,,,,,,,
,,,,,,,
,,,,,,,
,,,,,,,
,,,,,,,
,,,,,,,
,,,,,,,
,,,,,,,
,,,,,,,
,,,,,,,
,,,,,,,
,,,,,,,
,,,,,,,
,,,,,,,
,,,,,,,
,,,,,,,
,,,,,,,
,,,,,,,
,,,,,,,
,,,,,,,
,,,,,,,
,,,,,,,
,,,,,,,
,,,,,,,
,,,,,,,
,,,,,,,
,,,,,,,
,,,,,,,
,,,,,,,
,,,,,,,
,,,,,,,
,,,,,,,
,,,,,,,
,,,,,,,
,,,,,,,
,,,,,,,
,,,,,,,
,,,,,,,
,,,,,,,
,,,,,,,
,,,,,,,
,,,,,,,
,,,,,,,
,,,,,,,
,,,,,,,
,,,,,,,
,,,,,,,
,,,,,,,
,,,,,,,
,,,,,,,
,,,,,,,
,,,,,,,
,,,,,,,
,,,,,,,
,,,,,,,
